tweet_id,score,handle,timestamp,ticker
1243075957294055424,19.945233681558868,@elonmusk,2020-03-26 06:56:00,"AAPL, BAC, DIS, KO, LDOS, LMT, NIO, NOC, PINS, SNAP, TSLA"
1281141343012614153,19.518936571299506,@elonmusk,2020-07-09 07:55:00,"AAPL, BAC, DIS, KO, LDOS, LMT, NIO, NOC, PINS, SNAP, TSLA, WKHS"
1270212554166394880,18.73386681622346,@elonmusk,2020-06-09 04:08:00,"AAPL, BAC, DIS, KO, LMT, NIO, PINS, SNAP, TSLA"
1255760749202309120,18.468995478868365,@elonmusk,2020-04-30 07:01:00,"AAPL, BAC, DIS, KO, LMT, NIO, NOC, PINS, SNAP, TSLA, WKHS"
1244839565468164101,16.987383004297,@elonmusk,2020-03-31 04:03:00,"AAPL, BAC, DIS, KO, NIO, TSLA"
1298852458375020546,16.476242824731468,@elonmusk,2020-08-27 04:52:00,"AAPL, BAC, DIS, KO, NIO, PINS, TSLA, WKHS"
1344717967205019649,16.134435707540046,@nntaleb,2020-12-31 18:31:00,"BAC, JPM"
1326910115329478657,15.970247111433922,@realDonaldTrump,2020-11-12 15:03:00,"FOX, LVS, MGM, WYNN"
1326909956994568194,15.970247111433922,@realDonaldTrump,2020-11-12 15:03:00,"FOX, LVS, MGM, WYNN"
1326910731237928962,15.954944242369761,@realDonaldTrump,2020-11-12 15:06:00,"FOX, LVS, MGM, WYNN"
1326910161563361282,15.950506999890903,@realDonaldTrump,2020-11-12 15:04:00,"FOX, LVS, MGM, WYNN"
1265646238768209920,14.76724800143226,@SenWarren,2020-05-27 13:43:00,"BAC, C, GS, JPM, WFC"
1252235608501575682,14.596633904807723,@realDonaldTrump,2020-04-20 13:34:00,"FOX, LVS, MGM, WYNN"
1316260035895455748,13.646703454591915,@elonmusk,2020-10-14 05:44:00,"AAPL, BAC, DIS, KO, NIO, PINS, SNAP, TSLA, WKHS"
1156244863161110528,12.912032861093174,@realDonaldTrump,2019-07-30 16:33:00,"FOX, LVS, WYNN"
1329116277164675074,12.775174571693345,@elonmusk,2020-11-18 17:10:00,"AAPL, BAC, DIS, KO, LMT, NIO, NOC, PINS, SNAP, TSLA, WKHS"
1303382013005754376,12.42332350020151,@paulkrugman,2020-09-08 16:51:00,"AAPL, AMZN, MSFT, WMT"
1308722925344874498,12.153420474652334,@nntaleb,2020-09-23 10:34:00,"BAC, JPM"
1024676935065120768,11.997120008919008,@realDonaldTrump,2018-08-01 14:57:00,"FOX, LVS, MGM, WYNN"
1270410940132069385,11.976951920038353,@realDonaldTrump,2020-06-09 17:16:00,"LVS, MGM, WYNN"
1298875995014004741,11.2674429624587,@elonmusk,2020-08-27 06:26:00,"AAPL, BAC, DIS, KO, LMT, NIO, PINS, SNAP, TSLA, WKHS"
1248317562984767488,11.147058577212558,@SenWarren,2020-04-09 18:05:00,"BAC, C, GS, JPM, WFC"
1266016547463725057,11.106692293722746,@nntaleb,2020-05-28 14:14:00,"BAC, JPM"
1265683323843686402,11.019012016149077,@realDonaldTrump,2020-05-27 16:10:00,"LVS, MGM, WYNN"
1334889747009982472,10.674454121966736,@SenWarren,2020-12-04 15:32:00,"BAC, C, GS, JPM, WFC"
1235144228986118145,10.462758744381008,@richardbranson,2020-03-04 09:39:00,"AAL, BA, DAL, SPCE"
1265264899384586241,9.75554937666174,@realDonaldTrump,2020-05-26 12:27:00,"FOX, LVS, MGM, WYNN"
1328568594360373250,9.653973512743818,@elonmusk,2020-11-17 04:54:00,"AAPL, BAC, DIS, KO, NIO, PINS, SNAP, TSLA, WKHS"
1290959332364910593,9.497879188057555,@elonmusk,2020-08-05 10:08:00,"AAPL, BAC, BAH, DIS, KO, LDOS, LMT, MMS, NIO, NOC, PINS, SNAP, TSLA, WKHS"
1161277330372907008,9.030502739343781,@richardbranson,2019-08-13 13:38:00,"AAL, BA, DAL"
1280879551200067584,9.02326467696459,@paulkrugman,2020-07-08 14:34:00,"AAPL, AMZN, MSFT, WMT"
1153358032052609024,8.749169537388264,@richardbranson,2019-07-22 17:23:00,"AAL, BA, DAL"
1255925900199071745,8.721529765493672,@elonmusk,2020-04-30 17:58:00,"AAPL, BAC, DIS, KO, LDOS, LMT, NIO, PINS, SNAP, TSLA, WKHS"
951505093664309250,8.382546789182785,@richardbranson,2018-01-11 17:04:00,"AAL, BA, DAL"
951506688435195904,8.382546789182447,@richardbranson,2018-01-11 17:07:00,"AAL, BA, DAL"
1271163297069363200,8.3638025976395,@realDonaldTrump,2020-06-11 19:06:00,"LVS, MGM, WYNN"
1271163300944863232,8.3638025976395,@realDonaldTrump,2020-06-11 19:06:00,"LVS, MGM, WYNN"
1287822527054610433,8.177641656564694,@elonmusk,2020-07-27 18:23:00,"AAPL, BAC, DIS, KO, LDOS, LMT, NIO, NOC, PINS, SNAP, TSLA, WKHS"
966312434100326400,8.09270630680106,@realDonaldTrump,2018-02-21 13:37:00,"FOX, LVS, MGM, WYNN"
1265682224814460931,8.07705180908049,@SenWarren,2020-05-27 16:06:00,"BAC, C, GS, JPM, WFC"
1134061454250975232,7.91910971742432,@realDonaldTrump,2019-05-30 11:12:00,"FOX, LVS, MGM, WYNN"
824648286183325696,7.895828416006765,@richardbranson,2017-01-26 15:34:00,"AAL, BA, DAL"
1259836322061201408,7.729596048020024,@realDonaldTrump,2020-05-11 12:56:00,"FOX, LVS, MGM, WYNN"
1331637838258069505,7.643758352343229,@nntaleb,2020-11-25 16:10:00,"BAC, JPM"
1301100319535968256,7.526261409116452,@realDonaldTrump,2020-09-02 09:45:00,"FOX, LVS, MGM, WYNN"
976413956293226496,7.468936807103771,@realDonaldTrump,2018-03-21 10:37:00,"FOX, LVS, MGM, WYNN"
1329404785083232256,7.386096733594662,@realDonaldTrump,2020-11-19 12:16:00,"FOX, LVS, MGM, WYNN"
1280863277543800832,7.353571396422614,@realDonaldTrump,2020-07-08 13:30:00,"FOX, LVS, MGM, WYNN"
1328993570301358082,7.335665413868692,@richardbranson,2020-11-18 09:02:00,"AAL, BA, DAL, SPCE"
1254429940306583556,7.315565214901904,@nntaleb,2020-04-27 15:23:00,"BAC, JPM"
1331289633662099457,7.228572385973562,@realDonaldTrump,2020-11-24 17:06:00,"LVS, MGM, WYNN"
1314641146245787650,7.119089465737244,@SenWarren,2020-10-09 18:33:00,"BAC, C, GS, JPM, WFC"
1196831809536962560,7.057143323243481,@richardbranson,2019-11-19 16:21:00,"AAL, BA, DAL, SPCE"
1278691870227431425,6.930330266133114,@nntaleb,2020-07-02 13:41:00,"BAC, JPM"
1177197938176659457,6.884815198084144,@realDonaldTrump,2019-09-26 12:01:00,"FOX, LVS, MGM, WYNN"
1259840069273337857,6.8242120177170165,@realDonaldTrump,2020-05-11 13:11:00,"FOX, LVS, MGM, WYNN"
1319242479179354117,6.815210551008716,@nntaleb,2020-10-22 11:15:00,"BAC, JPM"
1275407451286843393,6.792694206770278,@nntaleb,2020-06-23 12:10:00,"BAC, JPM"
958312651586768896,6.754773178381785,@richardbranson,2018-01-30 11:49:00,"AAL, BA, DAL"
1267436848957272064,6.7453178338837425,@realDonaldTrump,2020-06-01 12:18:00,"FOX, LVS, MGM, WYNN"
1283479714980483073,6.744574004069,@elonmusk,2020-07-15 18:47:00,"AAPL, BAC, DIS, KO, LMT, NIO, PINS, SNAP, TSLA, WKHS"
1281192788588183558,6.718951789137242,@realDonaldTrump,2020-07-09 11:19:00,"FOX, LVS, MGM, WYNN"
1247899471934935041,6.686465800673792,@realDonaldTrump,2020-04-08 14:23:00,"FOX, LVS, MGM, WYNN"
1326211178746564615,6.651041852859257,@realDonaldTrump,2020-11-10 16:46:00,"LVS, MGM, WYNN"
968789165931401222,6.4353487206172115,@richardbranson,2018-02-28 09:39:00,"AAL, BA, DAL"
890160810294685696,6.394245850398296,@realDonaldTrump,2017-07-26 10:18:00,"FOX, LVS, MGM, WYNN"
958366748360761345,6.388848913762962,@richardbranson,2018-01-30 15:24:00,"AAL, BA, DAL"
1288479983942369280,6.354956757275525,@nntaleb,2020-07-29 13:56:00,"BAC, JPM"
1280130505829224448,6.347765463996285,@realDonaldTrump,2020-07-06 12:58:00,"FOX, LVS, MGM, WYNN"
875049999217963008,6.314340904726155,@elonmusk,2017-06-14 17:33:00,"AAPL, BAC, BAH, DIS, SNAP, TSLA"
1297880289038020608,6.283387115778035,@nntaleb,2020-08-24 12:29:00,"BAC, JPM"
1329096639651471361,6.077686124518825,@realDonaldTrump,2020-11-18 15:52:00,"FOX, LVS, MGM, WYNN"
1196455500940038144,5.78421525443583,@realDonaldTrump,2019-11-18 15:23:00,"FOX, LVS, MGM, WYNN"
1281238369050210312,5.755507946601716,@realDonaldTrump,2020-07-09 14:20:00,"FOX, LVS, MGM, WYNN"
1281238368374923264,5.755507946601716,@realDonaldTrump,2020-07-09 14:20:00,"FOX, LVS, MGM, WYNN"
1281238367464808454,5.755507946601716,@realDonaldTrump,2020-07-09 14:20:00,"FOX, LVS, MGM, WYNN"
1281238370316890119,5.755507946601716,@realDonaldTrump,2020-07-09 14:20:00,"FOX, LVS, MGM, WYNN"
1338467061912260609,5.719237394818711,@nntaleb,2020-12-14 12:27:00,"BAC, JPM"
1167136119823224833,5.716769223073254,@realDonaldTrump,2019-08-30 18:20:00,WYNN
1162371331217874945,5.622455483831833,@SenWarren,2019-08-16 14:05:00,"BAC, C, GS, JPM, WFC"
1162371327447195648,5.622455483831833,@SenWarren,2019-08-16 14:05:00,"BAC, C, GS, JPM, WFC"
1162371329343021058,5.622455483831833,@SenWarren,2019-08-16 14:05:00,"BAC, C, GS, JPM, WFC"
1230558752966762496,5.501733557486556,@realDonaldTrump,2020-02-20 18:15:00,WYNN
1143760966141788160,5.451480973257113,@richardbranson,2019-06-26 06:23:00,BA
1246099847234686977,5.4315969673322,@SenWarren,2020-04-03 15:12:00,"BAC, C, GS, JPM, WFC"
1201447816167641088,5.418979117070959,@realDonaldTrump,2019-12-02 10:01:00,"FOX, LVS, MGM, WYNN"
1297849049853427720,5.416884795798767,@nntaleb,2020-08-24 10:25:00,"BAC, JPM"
1272522979935686657,5.380189679298541,@nntaleb,2020-06-15 13:08:00,"BAC, JPM"
1329084587289440260,5.358806611210106,@SenWarren,2020-11-18 15:04:00,"BAC, C, GS, JPM, WFC"
1288808959676227584,5.354067843512438,@nntaleb,2020-07-30 11:43:00,"BAC, JPM"
1193840819091976193,5.330005899636804,@richardbranson,2019-11-11 10:14:00,"AAL, BA, DAL, SPCE"
1330505301171326978,5.281166121817618,@nntaleb,2020-11-23 13:39:00,"BAC, JPM"
1329770812170268674,5.277416772526173,@nntaleb,2020-11-20 12:31:00,"BAC, JPM"
1335873162907701253,5.223564963003388,@richardbranson,2020-12-07 08:39:00,"AAL, BA, DAL, SPCE"
1271431744638668801,5.127819641509081,@nntaleb,2020-06-12 12:52:00,"BAC, JPM"
1305860713370529792,5.119062230466716,@nntaleb,2020-09-15 13:01:00,"BAC, JPM"
1264919797290225669,5.11288649406011,@SenWarren,2020-05-26 14:06:00,"BAC, C, GS, JPM, WFC"
1318557205000560640,5.1105189489259795,@SenWarren,2020-10-20 13:52:00,"BAC, C, GS, JPM, WFC"
1316693632729128961,5.105969044846444,@nntaleb,2020-10-15 10:27:00,"BAC, JPM"
1255482261509746689,5.090232618394323,@nntaleb,2020-04-29 12:35:00,"BAC, JPM"
1334518253918572550,5.055048724439065,@realDonaldTrump,2020-12-03 14:56:00,"FOX, LVS, MGM, WYNN"
1177211112992976897,5.016735978298183,@realDonaldTrump,2019-09-26 12:53:00,"FOX, LVS, MGM, WYNN"
1029327223269060609,5.006914887308167,@realDonaldTrump,2018-08-14 10:55:00,"FOX, LVS, MGM, WYNN"
1296040866042318851,4.888178444592542,@nntaleb,2020-08-19 10:40:00,"BAC, JPM"
828641340313460736,4.855972552066157,@realDonaldTrump,2017-02-06 16:01:00,"FOX, LVS, MGM, WYNN"
1171352515020898305,4.8554223572325075,@elonmusk,2019-09-10 08:55:00,"AAPL, BAC, BAH, DIS, KO, LDOS, LMT, MMS, NIO, NOC, PINS, SNAP, TSLA, WKHS"
1178988355763212288,4.825690674912291,@realDonaldTrump,2019-10-01 10:35:00,"FOX, LVS, MGM, WYNN"
1283430153083924480,4.817121534966162,@SenWarren,2020-07-15 15:30:00,"BAC, C, GS, JPM, WFC"
1214853977596137473,4.805520346693033,@richardbranson,2020-01-08 09:52:00,"AAL, BA, DAL, SPCE"
1256166664217022464,4.7779126921981465,@nntaleb,2020-05-01 09:54:00,"BAC, JPM"
1167060675480473600,4.747689398503306,@realDonaldTrump,2019-08-29 12:39:00,"FOX, LVS, MGM, WYNN"
1339254178623889408,4.74095340247838,@JoeBiden,2020-12-16 16:34:00,"CAT, JNJ, LMT, PFE, XOM"
1293508066042875904,4.718157189630771,@realDonaldTrump,2020-08-12 10:56:00,"FOX, LVS, MGM, WYNN"
1341331737675243521,4.717052201703824,@richardbranson,2020-12-22 10:10:00,"AAL, BA, DAL, SPCE"
1340983141557809159,4.693762335319237,@nntaleb,2020-12-21 11:05:00,"BAC, JPM"
958355439321862147,4.6891931843898975,@richardbranson,2018-01-30 14:39:00,"AAL, BA, DAL"
1163734814085844992,4.649728573167673,@richardbranson,2019-08-20 08:30:00,"AAL, BA, DAL"
1230495013634637827,4.6407454221409,@realDonaldTrump,2020-02-20 13:44:00,"FOX, LVS, MGM, WYNN"
1171353128001630208,4.625661452743877,@elonmusk,2019-09-10 08:56:00,"AAPL, BAC, BAH, DIS, KO, LDOS, LMT, MMS, NIO, NOC, PINS, SNAP, TSLA, WKHS"
1276134470022766593,4.624028143368327,@nntaleb,2020-06-25 12:19:00,"BAC, JPM"
1271087743616069633,4.616241037181027,@nntaleb,2020-06-11 14:05:00,"BAC, JPM"
1301136193913004033,4.601320473589817,@realDonaldTrump,2020-09-02 12:07:00,"FOX, LVS, MGM, WYNN"
1288503660264058880,4.591058515264222,@realDonaldTrump,2020-07-29 15:30:00,"FOX, LVS, MGM, WYNN"
983665939123142656,4.58603327306779,@richardbranson,2018-04-10 10:54:00,"AAL, BA, DAL"
1285558694332301313,4.57138812128948,@nntaleb,2020-07-21 12:28:00,"BAC, JPM"
1167064301565358080,4.568519269480792,@realDonaldTrump,2019-08-29 12:53:00,"FOX, LVS, MGM, WYNN"
1260531781817819136,4.554119667711051,@nntaleb,2020-05-13 11:00:00,"BAC, JPM"
1153688631216869376,4.540447565058377,@richardbranson,2019-07-23 15:03:00,"AAL, BA, DAL"
1121093670843768832,4.528460473838323,@realDonaldTrump,2019-04-24 16:27:00,"LVS, MGM, WYNN"
1181940457766559745,4.520996003133256,@richardbranson,2019-10-09 14:06:00,"AAL, BA, DAL"
1138414906229886981,4.505001056991756,@realDonaldTrump,2019-06-11 11:31:00,"FOX, LVS, MGM, WYNN"
1291700684413435905,4.491908977701433,@nntaleb,2020-08-07 11:14:00,"BAC, JPM"
938797056440889344,4.453825999889234,@realDonaldTrump,2017-12-07 15:21:00,"FOX, LVS, MGM, WYNN"
1278400538397286403,4.401896022822878,@nntaleb,2020-07-01 18:24:00,"BAC, JPM"
1297865746769485836,4.378284881347849,@nntaleb,2020-08-24 11:32:00,"BAC, JPM"
1263425813774508032,4.34096031792416,@nntaleb,2020-05-21 10:40:00,"BAC, JPM"
1314278414359113735,4.34050788715221,@realDonaldTrump,2020-10-08 18:32:00,"LVS, MGM, WYNN"
1167041192539959296,4.322480267120438,@realDonaldTrump,2019-08-29 11:21:00,"FOX, LVS, MGM, WYNN"
1292771191992864769,4.308558559166926,@nntaleb,2020-08-10 10:08:00,"BAC, JPM"
1267083204500099078,4.302295549025452,@nntaleb,2020-06-01 13:23:00,"BAC, JPM"
1016994935302774784,4.263747114868886,@realDonaldTrump,2018-07-11 10:11:00,"FOX, LVS, MGM, WYNN"
1123257011741786113,4.2129374678138705,@richardbranson,2019-04-30 15:39:00,"AAL, BA, DAL"
1153996615692279809,4.176383742186834,@realDonaldTrump,2019-07-24 11:27:00,"FOX, LVS, MGM, WYNN"
1153996615025381376,4.176383742186834,@realDonaldTrump,2019-07-24 11:27:00,"FOX, LVS, MGM, WYNN"
1296401554002653184,4.173171198523442,@nntaleb,2020-08-20 10:33:00,"BAC, JPM"
1131507643179294720,4.157756634994633,@richardbranson,2019-05-23 10:04:00,"AAL, BA, DAL"
1166769660450226177,4.143472226536379,@realDonaldTrump,2019-08-28 18:02:00,"MGM, WYNN"
1169244729801871360,4.12179669379362,@realDonaldTrump,2019-09-04 13:18:00,"FOX, LVS, MGM, WYNN"
1169244730661769216,4.12179669379362,@realDonaldTrump,2019-09-04 13:18:00,"FOX, LVS, MGM, WYNN"
1169244732691767296,4.12179669379362,@realDonaldTrump,2019-09-04 13:18:00,"FOX, LVS, MGM, WYNN"
1337430734882082818,4.071560019123506,@nntaleb,2020-12-11 15:49:00,"BAC, JPM"
1003624231408676864,4.060995391518024,@realDonaldTrump,2018-06-04 12:41:00,"FOX, LVS, MGM, WYNN"
1329080601756848136,4.055754323082022,@nntaleb,2020-11-18 14:48:00,"BAC, JPM"
1168891437032857600,4.022763278578538,@realDonaldTrump,2019-09-03 13:54:00,"FOX, LVS, MGM, WYNN"
1168891438324756481,4.022763278578538,@realDonaldTrump,2019-09-03 13:54:00,"FOX, LVS, MGM, WYNN"
1285936124205182976,4.0160027769441164,@nntaleb,2020-07-22 13:27:00,"BAC, JPM"
1285897788128137216,3.9660959501060686,@nntaleb,2020-07-22 10:55:00,"BAC, JPM"
1272520384718483457,3.9644347328120397,@nntaleb,2020-06-15 12:58:00,"BAC, JPM"
1329772298602209284,3.855766966702999,@nntaleb,2020-11-20 12:37:00,"BAC, JPM"
1318565396786589696,3.84771626253565,@nntaleb,2020-10-20 14:25:00,"BAC, JPM"
1214991222009409536,3.7874355480078385,@paulkrugman,2020-01-08 18:58:00,"AAPL, AMZN, MSFT, WMT"
1215674535338336257,3.781342805214604,@richardbranson,2020-01-10 16:13:00,"AAL, BA, DAL, SPCE"
1110552652440588290,3.7472098628488224,@realDonaldTrump,2019-03-26 14:16:00,"FOX, LVS, MGM, WYNN"
1327242711225815041,3.745862108045268,@nntaleb,2020-11-13 13:05:00,"BAC, JPM"
1236719466626584576,3.7398007795797836,@nntaleb,2020-03-09 18:28:00,"BAC, JPM"
1167037101906497536,3.7333678924559695,@realDonaldTrump,2019-08-29 11:05:00,"FOX, LVS, MGM, WYNN"
1167037101038342146,3.7333678924559695,@realDonaldTrump,2019-08-29 11:05:00,"FOX, LVS, MGM, WYNN"
1321434934804942853,3.7072284693599253,@nntaleb,2020-10-28 12:27:00,"BAC, JPM"
1286657382496587776,3.699978202984216,@nntaleb,2020-07-24 13:13:00,"BAC, JPM"
1304116737273671680,3.648813723790458,@realDonaldTrump,2020-09-10 17:31:00,"LVS, MGM, WYNN"
1306672891145129984,3.6043207652219382,@SenWarren,2020-09-17 18:49:00,"BAC, C, GS, JPM, WFC"
974348073802584064,3.6001043913854254,@paulkrugman,2018-03-15 17:49:00,"AAPL, AMZN, MSFT, WMT"
1330361495897731073,3.5985235174605923,@realDonaldTrump,2020-11-23 04:23:00,WYNN
1330361494710661120,3.5985235174605923,@realDonaldTrump,2020-11-23 04:23:00,WYNN
1264910113606942722,3.5174518665710206,@nntaleb,2020-05-26 13:28:00,"BAC, JPM"
1169636669709942784,3.5073973061475927,@elonmusk,2019-09-05 15:15:00,"AAPL, BAC, BAH, DIS, KO, LDOS, LMT, MMS, NIO, NOC, PINS, SNAP, TSLA, WKHS"
1167028669988126722,3.5024441201609435,@realDonaldTrump,2019-08-29 10:32:00,"FOX, LVS, MGM, WYNN"
1333845266420490240,3.4848425994823025,@JoeBiden,2020-12-01 18:21:00,"CAT, JNJ, LMT, PFE, XOM"
1293973957301895168,3.4546649411104173,@nntaleb,2020-08-13 17:47:00,"BAC, JPM"
1273233162995408898,3.4282222372923408,@nntaleb,2020-06-17 12:10:00,"BAC, JPM"
1178928327052054528,3.4243627389870483,@elonmusk,2019-10-01 06:42:00,"AAPL, BAC, DIS, KO, NIO, SNAP, TSLA"
1156127347504046081,3.4201797045086115,@richardbranson,2019-07-30 08:35:00,"AAL, BA, DAL"
1333842531595952128,3.3922426854107774,@JoeBiden,2020-12-01 18:10:00,"CAT, JNJ, LMT, PFE, XOM"
1325790948287197185,3.3848748375842828,@nntaleb,2020-11-09 12:56:00,"BAC, JPM"
1273245786478915584,3.3553855184223798,@nntaleb,2020-06-17 13:01:00,"BAC, JPM"
1268258145656324098,3.3525932193615593,@realDonaldTrump,2020-06-03 18:41:00,"LVS, MGM, WYNN"
1272144074880036864,3.3425055771647014,@nntaleb,2020-06-15 12:33:00,"BAC, JPM"
940870804287434752,3.3162777952318563,@richardbranson,2017-12-13 08:48:00,"AAL, BA, DAL"
1284805105624195072,3.312215099379358,@nntaleb,2020-07-20 11:03:00,"BAC, JPM"
1333346948858961921,3.2771726531083996,@nntaleb,2020-11-30 09:21:00,"BAC, JPM"
912628271426269185,3.2594787846138846,@realDonaldTrump,2017-09-26 10:15:00,"FOX, LVS, MGM, WYNN"
1130436890891620352,3.248343590845142,@realDonaldTrump,2019-05-20 11:09:00,"FOX, LVS, MGM, WYNN"
1273249593405382661,3.231750030308693,@nntaleb,2020-06-17 13:16:00,"BAC, JPM"
1263073074737557506,3.231249058633448,@realDonaldTrump,2020-05-20 11:18:00,"FOX, LVS, MGM, WYNN"
1263073073839947776,3.231249058633448,@realDonaldTrump,2020-05-20 11:18:00,"FOX, LVS, MGM, WYNN"
1273249835483893763,3.2282043112582,@nntaleb,2020-06-17 13:17:00,"BAC, JPM"
1288433921676517379,3.2266529446942367,@nntaleb,2020-07-29 10:53:00,"BAC, JPM"
867360829821382656,3.192996533495878,@richardbranson,2017-05-24 12:19:00,"AAL, BA, DAL"
910441887164661760,3.1919078199324638,@realDonaldTrump,2017-09-20 09:28:00,"FOX, LVS, MGM, WYNN"
1316711680919908352,3.179093690474436,@realDonaldTrump,2020-10-15 11:39:00,"FOX, LVS, MGM, WYNN"
1138782960444956673,3.151758026040415,@realDonaldTrump,2019-06-12 11:53:00,"FOX, LVS, MGM, WYNN"
1336641741370372097,3.14707909153459,@richardbranson,2020-12-09 11:33:00,"AAL, BA, DAL, SPCE"
1318501828913471488,3.132925449648768,@nntaleb,2020-10-20 10:12:00,"BAC, JPM"
1167030041303310336,3.1151408927496673,@realDonaldTrump,2019-08-29 10:37:00,"FOX, LVS, MGM, WYNN"
1294903194997252096,3.08491500459245,@elonmusk,2020-08-17 07:49:00,"AAPL, BAC, DIS, KO, LMT, NIO, NOC, PINS, SNAP, TSLA, WKHS"
861554864542941185,3.0662780205624056,@realDonaldTrump,2017-05-08 11:48:00,"FOX, LVS, MGM, WYNN"
1245361796841648128,3.055738670267303,@SenWarren,2020-04-01 14:20:00,"BAC, C, GS, JPM, WFC"
1245361795935744002,3.055738670267303,@SenWarren,2020-04-01 14:20:00,"BAC, C, GS, JPM, WFC"
1245361794895482886,3.055738670267303,@SenWarren,2020-04-01 14:20:00,"BAC, C, GS, JPM, WFC"
1143134130521219072,3.053301717594339,@realDonaldTrump,2019-06-24 12:03:00,"FOX, LVS, MGM, WYNN"
1143134128054972417,3.053301717594339,@realDonaldTrump,2019-06-24 12:03:00,"FOX, LVS, MGM, WYNN"
1143888628562714624,3.031760749336519,@realDonaldTrump,2019-06-26 14:01:00,"FOX, LVS, MGM, WYNN"
1143888632027189248,3.031760749336519,@realDonaldTrump,2019-06-26 14:01:00,"FOX, LVS, MGM, WYNN"
1143888638004125696,3.031760749336519,@realDonaldTrump,2019-06-26 14:01:00,"FOX, LVS, MGM, WYNN"
912631781098221568,3.010452282771439,@realDonaldTrump,2017-09-26 10:29:00,"FOX, LVS, MGM, WYNN"
1246054883553423365,2.9960770219147284,@nntaleb,2020-04-03 12:14:00,"BAC, JPM"
1247871326183927808,2.937930227636338,@nntaleb,2020-04-08 12:32:00,"BAC, JPM"
1284107424933314567,2.9348410227047066,@nntaleb,2020-07-17 12:21:00,"BAC, JPM"
1125837235138334720,2.9079720703182153,@elonmusk,2019-05-07 18:32:00,"AAPL, BAC, DIS, NIO, PINS, SNAP, TSLA, WKHS"
1121284238291038208,2.889736227381807,@elonmusk,2019-04-25 05:00:00,"AAPL, DIS, SNAP, TSLA"
1003593494303313921,2.8859566555259697,@richardbranson,2018-06-04 10:39:00,"AAL, BA, DAL"
935870484146683904,2.8724736372149615,@realDonaldTrump,2017-11-29 13:32:00,"FOX, LVS, MGM, WYNN"
1215360464214949888,2.8628483023953892,@richardbranson,2020-01-09 19:27:00,"BA, SPCE"
983678529199013888,2.85331291616161,@richardbranson,2018-04-10 11:44:00,"AAL, BA, DAL"
1257350370080305153,2.8524029074445,@SenWarren,2020-05-04 16:18:00,"BAC, C, GS, JPM, WFC"
1189191313297678336,2.84516957351612,@realDonaldTrump,2019-10-29 14:18:00,"FOX, LVS, MGM, WYNN"
1326915998956576769,2.844697797003686,@nntaleb,2020-11-12 15:27:00,"BAC, JPM"
1138779072627183617,2.8434288750511914,@realDonaldTrump,2019-06-12 11:38:00,"FOX, LVS, MGM, WYNN"
1216747422841495556,2.7592752766089768,@realDonaldTrump,2020-01-13 15:16:00,"FOX, LVS, MGM, WYNN"
1266379480890773505,2.7564514407214147,@realDonaldTrump,2020-05-29 14:16:00,"FOX, LVS, MGM, WYNN"
879680876501766144,2.7172995049023743,@realDonaldTrump,2017-06-27 12:14:00,"FOX, LVS, MGM, WYNN"
1116014868442673152,2.7100378082128094,@elonmusk,2019-04-10 16:01:00,"AAPL, BAC, BAH, DIS, KO, LDOS, LMT, MMS, NIO, NOC, SNAP, TSLA, WKHS"
969523385016471552,2.7084128528606297,@realDonaldTrump,2018-03-02 10:16:00,"FOX, LVS, MGM, WYNN"
951514483721228288,2.7003063935109477,@richardbranson,2018-01-11 17:39:00,"BA, DAL"
1271434073890795529,2.6933649589570763,@nntaleb,2020-06-12 13:01:00,"BAC, JPM"
1263438328864669696,2.6919512073117637,@nntaleb,2020-05-21 11:29:00,"BAC, JPM"
1330482339009490944,2.6746188547677106,@nntaleb,2020-11-23 12:08:00,"BAC, JPM"
1179406259273031682,2.654836614631239,@realDonaldTrump,2019-10-02 14:16:00,"FOX, LVS, MGM, WYNN"
1263437711878356992,2.638004238387227,@nntaleb,2020-05-21 11:27:00,"BAC, JPM"
1263074784499372032,2.614549944115216,@realDonaldTrump,2020-05-20 11:25:00,"FOX, LVS, MGM, WYNN"
1263074783673102337,2.614549944115216,@realDonaldTrump,2020-05-20 11:25:00,"FOX, LVS, MGM, WYNN"
1336303563425910785,2.607572874411544,@realDonaldTrump,2020-12-08 13:10:00,"FOX, LVS, MGM, WYNN"
1252246058714923009,2.5995584425401903,@nntaleb,2020-04-20 14:15:00,"BAC, JPM"
1252246372931297281,2.5995584425401863,@nntaleb,2020-04-20 14:16:00,"BAC, JPM"
1254427322452783105,2.568949607415207,@nntaleb,2020-04-27 15:13:00,"BAC, JPM"
1217862052607336448,2.556737480137424,@richardbranson,2020-01-16 17:05:00,"AAL, BA, DAL, SPCE"
1315652740207579139,2.5453001871821535,@nntaleb,2020-10-12 13:31:00,"BAC, JPM"
1301740926314971136,2.529995671674563,@elonmusk,2020-09-04 04:10:00,"AAPL, BAC, DIS, KO, LMT, NIO, PINS, SNAP, TSLA, WKHS"
1313852035087953920,2.499594518580317,@realDonaldTrump,2020-10-07 14:15:00,"FOX, LVS, MGM, WYNN"
1191713658549784577,2.47326497984006,@realDonaldTrump,2019-11-05 13:21:00,"FOX, LVS, MGM, WYNN"
856508531087990785,2.4266238225845944,@realDonaldTrump,2017-04-24 13:36:00,"FOX, LVS, MGM, WYNN"
1127886307118678016,2.4048594562157497,@realDonaldTrump,2019-05-13 10:14:00,"FOX, LVS, MGM, WYNN"
1127886309316599808,2.4048594562157497,@realDonaldTrump,2019-05-13 10:14:00,"FOX, LVS, MGM, WYNN"
1127886307995336705,2.4048594562157497,@realDonaldTrump,2019-05-13 10:14:00,"FOX, LVS, MGM, WYNN"
1249359787852251138,2.3900714862355064,@nntaleb,2020-04-13 15:36:00,"BAC, JPM"
912235218106503168,2.389533720246934,@richardbranson,2017-09-25 08:51:00,"AAL, BA, DAL"
957854470221660160,2.3776500076497094,@elonmusk,2018-01-29 05:30:00,"AAPL, BAC, DIS, LMT, TSLA"
1183694558611288065,2.3531937624839694,@realDonaldTrump,2019-10-14 10:16:00,"FOX, LVS, MGM, WYNN"
966677968540979200,2.3527507897884896,@elonmusk,2018-02-22 13:50:00,"AAPL, BAC, BAH, DIS, KO, LDOS, LMT, MMS, NOC, SNAP, TSLA, WKHS"
1293554838681395206,2.345818362384815,@nntaleb,2020-08-12 14:02:00,"BAC, JPM"
930811930142326784,2.343747936975009,@elonmusk,2017-11-15 14:31:00,"AAPL, BAC, BAH, DIS, KO, LDOS, LMT, MMS, NOC, SNAP, TSLA, WKHS"
1153156273983983616,2.3202005957457716,@elonmusk,2019-07-22 04:04:00,"AAPL, DIS, SNAP, TSLA"
1246788195393642496,2.317284242675971,@nntaleb,2020-04-06 13:18:00,"BAC, JPM"
1115614840737935360,2.2562271102357645,@richardbranson,2019-04-09 13:31:00,"AAL, BA, DAL"
876771526208626688,2.242868611562431,@realDonaldTrump,2017-06-19 11:33:00,"FOX, LVS, MGM, WYNN"
1106518897606516736,2.2419272384378273,@richardbranson,2019-03-15 11:07:00,"AAL, BA, DAL"
923554880094199809,2.2335111072950906,@richardbranson,2017-10-26 13:54:00,"AAL, BA, DAL"
1115980470787944448,2.2334949208775194,@richardbranson,2019-04-10 13:44:00,"AAL, BA, DAL"
897780828134141952,2.231823947731631,@realDonaldTrump,2017-08-16 10:57:00,"FOX, LVS, MGM, WYNN"
1207723306071121920,2.2232751710049588,@elonmusk,2019-12-19 17:38:00,"AAPL, BAC, DIS, KO, NIO, PINS, SNAP, TSLA"
1199260013480628225,2.2136518441789734,@richardbranson,2019-11-26 09:10:00,"AAL, BA, DAL, SPCE"
1222480767156178944,2.208763943362868,@realDonaldTrump,2020-01-29 10:59:00,"FOX, LVS, MGM, WYNN"
1189548311809839105,2.1976487186339955,@realDonaldTrump,2019-10-30 13:57:00,"FOX, LVS, MGM, WYNN"
930796919516839938,2.197108607281914,@elonmusk,2017-11-15 13:31:00,"AAPL, BAC, BAH, DIS, KO, LDOS, LMT, MMS, NOC, SNAP, TSLA, WKHS"
828937357147635713,2.1729845346334256,@realDonaldTrump,2017-02-07 11:38:00,"FOX, LVS, MGM, WYNN"
1253309915810205697,2.1604458734553966,@nntaleb,2020-04-23 12:43:00,"BAC, JPM"
1171052472938446849,2.149142035138233,@realDonaldTrump,2019-09-09 13:01:00,"FOX, LVS, MGM, WYNN"
1284194798740570112,2.1458622158567366,@nntaleb,2020-07-17 18:09:00,"BAC, JPM"
1139191327906623489,2.139160063401941,@elonmusk,2019-06-13 14:56:00,"AAPL, BAC, BAH, DIS, KO, LDOS, LMT, MMS, NIO, NOC, PINS, SNAP, TSLA, WKHS"
1009057004554420224,2.1301150960685633,@richardbranson,2018-06-19 12:29:00,"AAL, BA, DAL"
809392491514527744,2.1212463541079267,@realDonaldTrump,2016-12-15 13:13:00,"FOX, LVS, MGM, WYNN"
1229776851297558529,2.1038265460471197,@realDonaldTrump,2020-02-18 14:11:00,"FOX, LVS, MGM, WYNN"
1229776842644709378,2.1038265460471197,@realDonaldTrump,2020-02-18 14:11:00,"FOX, LVS, MGM, WYNN"
1229776855265349638,2.1038265460471197,@realDonaldTrump,2020-02-18 14:11:00,"FOX, LVS, MGM, WYNN"
1229776853046583297,2.1038265460471197,@realDonaldTrump,2020-02-18 14:11:00,"FOX, LVS, MGM, WYNN"
1115339379604578304,2.099981132060075,@elonmusk,2019-04-08 19:19:00,"AAPL, BAC, DIS, NIO, SNAP, TSLA"
915218738508681216,2.0625629281501245,@richardbranson,2017-10-03 13:49:00,"AAL, BA, DAL"
1297534339920601089,2.059571423032613,@nntaleb,2020-08-24 14:05:00,"BAC, JPM"
1236718712062914561,2.0541308088845818,@nntaleb,2020-03-09 18:25:00,"BAC, JPM"
1141035802807406592,2.033513141894386,@richardbranson,2019-06-18 17:05:00,"AAL, BA, DAL"
1245732520735510528,1.975012578823648,@SenWarren,2020-04-02 14:53:00,"BAC, C, GS, JPM, WFC"
1296870519875276800,1.9728931627996313,@nntaleb,2020-08-21 17:37:00,"BAC, JPM"
1263870497667891207,1.9649190206440934,@nntaleb,2020-05-22 16:07:00,"BAC, JPM"
930803282829647873,1.9409058009285018,@elonmusk,2017-11-15 13:56:00,"AAPL, BAC, BAH, DIS, KO, LDOS, LMT, MMS, NOC, SNAP, TSLA, WKHS"
1281514396062109696,1.9218514451349107,@elonmusk,2020-07-10 08:37:00,"AAPL, BAC, BAH, DIS, KO, LDOS, LMT, MMS, NIO, NOC, PINS, SNAP, TSLA, WKHS"
1340988495603634176,1.9130631719954225,@realDonaldTrump,2020-12-21 11:26:00,"FOX, LVS, MGM, WYNN"
1253689730954334210,1.8765467281539927,@nntaleb,2020-04-24 13:52:00,"BAC, JPM"
1181937134548258818,1.875682556406076,@realDonaldTrump,2019-10-09 13:53:00,"FOX, LVS, MGM, WYNN"
912670906828443648,1.8397869330839145,@realDonaldTrump,2017-09-26 13:05:00,"FOX, LVS, MGM, WYNN"
1343947134652084224,1.8381510420828198,@nntaleb,2020-12-29 15:23:00,"BAC, JPM"
826119059921965056,1.8379126582639072,@elonmusk,2017-01-30 16:59:00,"AAPL, BAC, DIS, KO, TSLA"
1283476062450704384,1.8134420751058618,@nntaleb,2020-07-15 18:32:00,"BAC, JPM"
1105449090379329536,1.7980079741015278,@richardbranson,2019-03-12 12:16:00,"AAL, BA, DAL"
1247562253035016192,1.7930780911154178,@nntaleb,2020-04-07 16:03:00,"BAC, JPM"
1120637204794048512,1.7626314521439996,@richardbranson,2019-04-23 10:09:00,"AAL, BA, DAL"
1163428003088687104,1.7337586218606738,@richardbranson,2019-08-19 12:04:00,"AAL, BA, DAL"
1264980608570327041,1.7314870888480087,@nntaleb,2020-05-26 18:08:00,"BAC, JPM"
1182308373632618497,1.7054200739071255,@richardbranson,2019-10-10 14:28:00,"AAL, BA, DAL"
1174626364500119554,1.702097259568554,@richardbranson,2019-09-19 09:42:00,"AAL, BA, DAL"
1229788024931803137,1.6799935703953346,@realDonaldTrump,2020-02-18 14:55:00,"FOX, LVS, MGM, WYNN"
1229788026773131264,1.6799935703953346,@realDonaldTrump,2020-02-18 14:55:00,"FOX, LVS, MGM, WYNN"
1229788025883955200,1.6799935703953346,@realDonaldTrump,2020-02-18 14:55:00,"FOX, LVS, MGM, WYNN"
1128263443788775425,1.6439896537251066,@realDonaldTrump,2019-05-14 11:13:00,"FOX, LVS, MGM, WYNN"
856550761840431104,1.6257312706364584,@elonmusk,2017-04-24 16:23:00,"AAPL, BAC, DIS, KO, LMT, SNAP, TSLA"
1139155440959463425,1.609495271245901,@realDonaldTrump,2019-06-13 12:33:00,"FOX, LVS, MGM, WYNN"
1139155447242530816,1.609495271245901,@realDonaldTrump,2019-06-13 12:33:00,"FOX, LVS, MGM, WYNN"
1216724472146931713,1.6062778680544967,@realDonaldTrump,2020-01-13 13:45:00,"FOX, LVS, MGM, WYNN"
1174677073845215235,1.5984961658900882,@richardbranson,2019-09-19 13:04:00,"AAL, BA, DAL"
1216724237655867392,1.5842130366117853,@realDonaldTrump,2020-01-13 13:44:00,"FOX, LVS, MGM, WYNN"
1164146241544101888,1.5793733783067119,@realDonaldTrump,2019-08-21 11:38:00,"FOX, LVS, MGM, WYNN"
1284192624782516225,1.5681551216533816,@nntaleb,2020-07-17 17:59:00,"BAC, JPM"
859720476024819713,1.5566519919108344,@richardbranson,2017-05-03 10:19:00,"AAL, BA, DAL"
1256920698959859713,1.539186360364788,@nntaleb,2020-05-04 12:21:00,"BAC, JPM"
1177548939207352320,1.5342235737438683,@realDonaldTrump,2019-09-27 11:15:00,"FOX, LVS, MGM, WYNN"
1177548941644238851,1.534223573743813,@realDonaldTrump,2019-09-27 11:16:00,"FOX, LVS, MGM, WYNN"
1273603287275708416,1.5323247807244835,@nntaleb,2020-06-18 12:41:00,"BAC, JPM"
1009013331603152896,1.5231731879597812,@richardbranson,2018-06-19 09:35:00,"AAL, BA, DAL"
1281649618921512962,1.5219872118684072,@nntaleb,2020-07-10 17:34:00,"BAC, JPM"
824697349335293952,1.521477245162758,@realDonaldTrump,2017-01-26 18:52:00,"LVS, WYNN"
1290687333084336128,1.5204487047588964,@nntaleb,2020-08-04 16:07:00,"BAC, JPM"
1253694747266473987,1.5196986727405748,@nntaleb,2020-04-24 14:12:00,"BAC, JPM"
1163344945492713472,1.4875019095700064,@richardbranson,2019-08-19 07:13:00,"AAL, BA, DAL"
946412985156886528,1.4635770217163484,@richardbranson,2017-12-28 15:44:00,"AAL, BA, DAL"
1191695434068234242,1.4142625142839516,@richardbranson,2019-11-05 12:09:00,"AAL, BA, DAL, SPCE"
1273598060640206849,1.4082707604011286,@realDonaldTrump,2020-06-18 12:20:00,"FOX, LVS, MGM, WYNN"
1215574946002243584,1.3787862174887926,@elonmusk,2020-01-10 09:37:00,"AAPL, BAC, BAH, DIS, KO, LDOS, LMT, MMS, NIO, NOC, PINS, SNAP, TSLA, WKHS"
1256920376220794881,1.3778907267862643,@nntaleb,2020-05-04 12:19:00,"BAC, JPM"
1106131068774686721,1.3493695207252747,@richardbranson,2019-03-14 09:26:00,"AAL, BA, DAL"
1207276316250255366,1.3469005299713923,@realDonaldTrump,2019-12-18 12:01:00,"FOX, LVS, MGM, WYNN"
1253699430819250176,1.3136681149654015,@realDonaldTrump,2020-04-24 14:30:00,"FOX, LVS, MGM, WYNN"
1259909117528944640,1.3035120112868306,@nntaleb,2020-05-11 17:45:00,"BAC, JPM"
1133284051471687680,1.261624806679868,@realDonaldTrump,2019-05-28 08:27:00,LVS
1131449588093792256,1.243155182201264,@elonmusk,2019-05-23 06:13:00,"AAPL, BAC, KO, NIO, PINS, SNAP, TSLA, WKHS"
1205111369072291842,1.2354781993944648,@richardbranson,2019-12-12 12:39:00,"AAL, BA, DAL, SPCE"
958322183469715456,1.2296945326931352,@paulkrugman,2018-01-30 12:27:00,"AAPL, AMZN, MSFT, WMT"
1154704516463415296,1.2172699614340219,@realDonaldTrump,2019-07-26 10:20:00,"FOX, LVS, MGM, WYNN"
836242728203747328,1.2074962104024205,@richardbranson,2017-02-27 15:26:00,"AAL, BA, DAL"
1128653281692147712,1.1913529231631983,@richardbranson,2019-05-15 13:02:00,"AAL, BA, DAL"
918459697304350720,1.1897688848295942,@richardbranson,2017-10-12 12:27:00,"AAL, BA, DAL"
1116382400274141186,1.1590302546085052,@paulkrugman,2019-04-11 16:22:00,"AAPL, AMZN, MSFT, WMT"
955769850022055936,1.1411212299100233,@realDonaldTrump,2018-01-23 11:25:00,"FOX, LVS, MGM, WYNN"
1174290061254250497,1.1160741830318275,@realDonaldTrump,2019-09-18 11:26:00,"FOX, LVS, MGM, WYNN"
1141202636407857152,1.1124749446683662,@elonmusk,2019-06-19 04:08:00,"AAPL, NIO, TSLA"
1144256042945134594,1.099362168980807,@richardbranson,2019-06-27 14:21:00,"AAL, BA, DAL"
1177514244343906310,1.0933621422966817,@richardbranson,2019-09-27 09:01:00,"AAL, BA, DAL"
816619023135834112,1.0688095113419454,@realDonaldTrump,2017-01-04 11:49:00,"FOX, LVS, MGM, WYNN"
1178650256952745984,1.062607431514696,@realDonaldTrump,2019-09-30 12:12:00,"FOX, LVS, MGM, WYNN"
1112578260506828807,1.0468084332340049,@elonmusk,2019-04-01 04:26:00,"AAPL, BAC, NIO, TSLA"
866636057688911872,1.0407023009407392,@richardbranson,2017-05-22 12:19:00,"AAL, BA, DAL"
971617341296357376,1.03693838123804,@elonmusk,2018-03-08 05:10:00,"AAPL, SNAP, TSLA"
865169927644340224,1.0192347525121581,@realDonaldTrump,2017-05-18 11:13:00,"FOX, LVS, MGM, WYNN"
1140481957341495296,1.0097802184598432,@elonmusk,2019-06-17 04:28:00,"AAPL, DIS, NIO, TSLA"
1143833058459758592,0.9735105861727841,@realDonaldTrump,2019-06-26 10:21:00,"FOX, LVS, MGM, WYNN"
1176103993451393024,0.9616379714544914,@richardbranson,2019-09-23 11:34:00,"AAL, BA, DAL"
1018860357606133760,0.952347906686555,@richardbranson,2018-07-16 13:44:00,"AAL, BA, DAL"
988856517674889222,0.9513867965045321,@realDonaldTrump,2018-04-24 18:41:00,"LVS, WYNN"
811555413942566912,0.9287623058714828,@realDonaldTrump,2016-12-21 12:28:00,"FOX, LVS, MGM, WYNN"
1158963624418746369,0.8982050756027888,@elonmusk,2019-08-07 04:27:00,"AAPL, DIS, NIO, TSLA"
1246882848872726529,0.8964479700758355,@realDonaldTrump,2020-04-06 19:35:00,"LVS, MGM, WYNN"
897413442696597505,0.8957902815833693,@realDonaldTrump,2017-08-15 10:37:00,"FOX, LVS, MGM, WYNN"
897413405002387456,0.8957902815833693,@realDonaldTrump,2017-08-15 10:37:00,"FOX, LVS, MGM, WYNN"
1163423230398476288,0.8919832500646461,@realDonaldTrump,2019-08-19 11:45:00,"FOX, LVS, MGM, WYNN"
1163423229584826368,0.8919832500646461,@realDonaldTrump,2019-08-19 11:45:00,"FOX, LVS, MGM, WYNN"
1215285845336502272,0.8866745386452162,@realDonaldTrump,2020-01-09 14:28:00,"FOX, LVS, MGM, WYNN"
1207651085739016192,0.8771088710682586,@realDonaldTrump,2019-12-19 12:51:00,"FOX, LVS, MGM, WYNN"
1118175759741411328,0.8755885204894216,@richardbranson,2019-04-16 15:08:00,"AAL, BA, DAL"
1108343721798631429,0.836643288042043,@richardbranson,2019-03-20 11:59:00,"AAL, BA, DAL"
1126819720009854976,0.8137801417400691,@realDonaldTrump,2019-05-10 11:36:00,"FOX, LVS, MGM, WYNN"
1210201738059407361,0.7993279051679437,@realDonaldTrump,2019-12-26 13:46:00,"FOX, LVS, MGM, WYNN"
1129320244294631425,0.7897953244444699,@richardbranson,2019-05-17 09:12:00,"AAL, BA, DAL"
908252585672376320,0.786268455791028,@elonmusk,2017-09-14 08:28:00,"AAPL, BAC, DIS, KO, LMT, SNAP, TSLA"
1126802541034070016,0.7181927423060411,@realDonaldTrump,2019-05-10 10:27:00,"FOX, LVS, MGM, WYNN"
1126802545500938240,0.7181927423060411,@realDonaldTrump,2019-05-10 10:27:00,"FOX, LVS, MGM, WYNN"
1126802542212599808,0.7181927423060411,@realDonaldTrump,2019-05-10 10:27:00,"FOX, LVS, MGM, WYNN"
1126802543928061952,0.7181927423060411,@realDonaldTrump,2019-05-10 10:27:00,"FOX, LVS, MGM, WYNN"
1126802544708280320,0.7181927423060411,@realDonaldTrump,2019-05-10 10:27:00,"FOX, LVS, MGM, WYNN"
1166353587217285120,0.7065704835818523,@realDonaldTrump,2019-08-27 13:49:00,"FOX, LVS, MGM, WYNN"
1140960888977002498,0.6949879892300926,@richardbranson,2019-06-18 12:08:00,"AAL, BA, DAL"
1250851859046203397,0.6871188953212525,@nntaleb,2020-04-16 17:55:00,"BAC, JPM"
1002189661316378624,0.6826315399183029,@richardbranson,2018-05-31 13:40:00,"AAL, BA, DAL"
948548809579261953,0.6659713321957488,@realDonaldTrump,2018-01-03 13:11:00,"FOX, LVS, MGM, WYNN"
943866038281633794,0.6472274736549888,@elonmusk,2017-12-21 15:03:00,"AAPL, BAC, BAH, DIS, KO, LDOS, LMT, MMS, NOC, SNAP, TSLA, WKHS"
1289950229492568067,0.635429291069738,@nntaleb,2020-08-03 15:48:00,"BAC, JPM"
1299376529672208384,0.6117024154555011,@realDonaldTrump,2020-08-28 15:35:00,"FOX, LVS, MGM, WYNN"
1123649452001112066,0.607545938006943,@paulkrugman,2019-05-01 17:38:00,"AAPL, AMZN, MSFT, WMT"
1220734301203058692,0.6048896010372589,@richardbranson,2020-01-24 15:19:00,"AAL, BA, DAL, SPCE"
981231159890898945,0.5573254422057664,@richardbranson,2018-04-03 17:44:00,BA
1300018667569192960,0.5573251335782126,@realDonaldTrump,2020-08-31 10:36:00,"FOX, LVS, MGM, WYNN"
1317179694995787776,0.5482849711718388,@elonmusk,2020-10-16 18:38:00,"AAPL, BAC, DIS, KO, LMT, NIO, PINS, SNAP, TSLA, WKHS"
1139245348583440384,0.5248040893819779,@elonmusk,2019-06-13 18:32:00,"AAPL, DIS, NIO, PINS, SNAP, TSLA"
1140467133173776384,0.5117684825080863,@elonmusk,2019-06-17 04:04:00,"AAPL, DIS, SNAP, TSLA"
1146392791062212608,0.5075884526605072,@elonmusk,2019-07-03 11:52:00,"AAPL, BAC, BAH, DIS, KO, LDOS, LMT, MMS, NIO, NOC, PINS, SNAP, TSLA, WKHS"
1017708859031539713,0.5067267697140986,@richardbranson,2018-07-13 09:30:00,"AAL, BA, DAL"
1140469615480336385,0.503870263078637,@elonmusk,2019-06-17 04:04:00,"AAPL, DIS, SNAP, TSLA"
1140469138395025409,0.503870263078637,@elonmusk,2019-06-17 04:04:00,"AAPL, DIS, SNAP, TSLA"
1305378363360518144,0.5016414917990807,@realDonaldTrump,2020-09-14 05:18:00,MGM
1317174255147126784,0.48990195942971826,@elonmusk,2020-10-16 18:17:00,"AAPL, BAC, DIS, KO, LMT, NIO, PINS, SNAP, TSLA, WKHS"
928933135806488577,0.48892767634664747,@realDonaldTrump,2017-11-10 10:05:00,"FOX, LVS, MGM, WYNN"
1264988227980742662,0.4843042632696586,@realDonaldTrump,2020-05-26 18:38:00,"LVS, MGM, WYNN"
920267293074120705,0.47457128429135625,@richardbranson,2017-10-17 12:10:00,"AAL, BA, DAL"
1187256464664154113,0.4684811263572144,@richardbranson,2019-10-24 06:52:00,"AAL, BA"
1243623339480014850,0.4420899170963702,@realDonaldTrump,2020-03-27 19:14:00,"LVS, MGM, WYNN"
1243619763454181376,0.44030403502713567,@realDonaldTrump,2020-03-27 19:08:00,"LVS, MGM, WYNN"
1316594633548484610,0.4262078543603844,@realDonaldTrump,2020-10-15 04:38:00,WYNN
1126809700304076800,0.4135977945062062,@realDonaldTrump,2019-05-10 10:56:00,"FOX, LVS, MGM, WYNN"
1126809698085285888,0.4135977945062062,@realDonaldTrump,2019-05-10 10:56:00,"FOX, LVS, MGM, WYNN"
1126809702535503872,0.4135977945062062,@realDonaldTrump,2019-05-10 10:56:00,"FOX, LVS, MGM, WYNN"
1126809701449179136,0.4135977945062062,@realDonaldTrump,2019-05-10 10:56:00,"FOX, LVS, MGM, WYNN"
1126809699268141057,0.4135977945062062,@realDonaldTrump,2019-05-10 10:56:00,"FOX, LVS, MGM, WYNN"
908229340139323392,0.4120979742455847,@elonmusk,2017-09-14 07:03:00,"AAPL, BAC, SNAP, TSLA"
1163009970087948288,0.4083116730638762,@elonmusk,2019-08-19 08:53:00,"AAPL, BAC, DIS, KO, LMT, NIO, PINS, SNAP, TSLA, WKHS"
941692867927457793,0.4014651744733783,@elonmusk,2017-12-15 15:08:00,"AAPL, BAC, BAH, DIS, KO, LDOS, LMT, MMS, NOC, SNAP, TSLA, WKHS"
900706843445612544,0.36114597932685955,@realDonaldTrump,2017-08-24 12:44:00,"FOX, LVS, MGM, WYNN"
1025090307187257344,0.36095506156201984,@realDonaldTrump,2018-08-02 18:39:00,WYNN
941726163730403331,0.3439463475076139,@elonmusk,2017-12-15 17:20:00,"AAPL, BAC, DIS, KO, LMT, SNAP, TSLA"
1197883711393587204,0.30276724959109247,@richardbranson,2019-11-22 13:59:00,"AAL, BA, DAL, SPCE"
999352110645886976,0.30131812954448395,@elonmusk,2018-05-23 17:48:00,"AAPL, BAC, DIS, KO, LMT, SNAP, TSLA"
1213724875094814721,0.2943599556361144,@elonmusk,2020-01-06 07:36:00,"AAPL, BAC, DIS, LMT, NIO, NOC, SNAP, TSLA"
1254474710429110273,0.29035723217741166,@realDonaldTrump,2020-04-27 18:21:00,"LVS, MGM, WYNN"
1254474709674143749,0.29035723217741166,@realDonaldTrump,2020-04-27 18:21:00,"LVS, MGM, WYNN"
999686165354737665,0.289742871659233,@realDonaldTrump,2018-05-24 15:52:00,"FOX, LVS, MGM, WYNN"
1270751596851400707,0.2722694869517981,@nntaleb,2020-06-10 15:50:00,"BAC, JPM"
923873579539861506,0.27188617557995665,@realDonaldTrump,2017-10-27 11:00:00,"FOX, LVS, MGM, WYNN"
900706210042830848,0.26374060233638513,@realDonaldTrump,2017-08-24 12:41:00,"FOX, LVS, MGM, WYNN"
946426863936778240,0.24611991082089874,@richardbranson,2017-12-28 16:42:00,"BA, DAL"
1218117035856748544,0.24476163110678306,@richardbranson,2020-01-17 09:59:00,"AAL, BA, DAL, SPCE"
848882891157364737,0.24262449279651066,@paulkrugman,2017-04-03 12:34:00,"AAPL, AMZN, MSFT, WMT"
1253684917038452736,0.23380512740394832,@realDonaldTrump,2020-04-24 13:33:00,"FOX, LVS, MGM, WYNN"
1265341675737698310,0.21396288649928147,@SenWarren,2020-05-26 17:32:00,"BAC, C, GS, JPM, WFC"
1265357631297904640,0.20274476329788724,@SenWarren,2020-05-26 18:36:00,"BAC, C, GS, JPM, WFC"
1322863297025220608,0.19671013809263638,@realDonaldTrump,2020-11-02 11:33:00,"FOX, LVS, MGM, WYNN"
1121678407564087296,0.19535324239079654,@elonmusk,2019-04-26 07:06:00,"AAPL, BAC, DIS, PINS, SNAP, TSLA"
941699319777837056,0.19170364726502667,@elonmusk,2017-12-15 15:33:00,"AAPL, BAC, BAH, DIS, KO, LDOS, LMT, MMS, NOC, SNAP, TSLA, WKHS"
1129279530533703680,0.18966207784229683,@elonmusk,2019-05-17 06:31:00,"AAPL, BAC, DIS, LMT, NIO, PINS, TSLA, WKHS"
1305956222064111617,0.18221928999694711,@nntaleb,2020-09-15 19:21:00,"BAC, JPM"
1216394407265669120,0.16264555805314584,@realDonaldTrump,2020-01-13 16:36:00,"LVS, MGM, WYNN"
1157988680851689473,0.1565691908376657,@realDonaldTrump,2019-08-05 12:20:00,"FOX, LVS, MGM, WYNN"
946396653359157248,0.1524608126013646,@richardbranson,2017-12-28 14:39:00,"AAL, BA, DAL"
1244298933913952256,0.1504352728733657,@realDonaldTrump,2020-03-30 16:26:00,"LVS, MGM, WYNN"
1151865848950329346,0.14944921836664532,@realDonaldTrump,2019-07-18 14:20:00,"FOX, LVS, MGM, WYNN"
1151865849864761345,0.14944921836664532,@realDonaldTrump,2019-07-18 14:20:00,"FOX, LVS, MGM, WYNN"
1161851368082161664,0.1446171707832524,@elonmusk,2019-08-15 04:03:00,"AAPL, NIO, SNAP, TSLA"
1142103105158471683,0.1230988347466146,@richardbranson,2019-06-21 15:46:00,"AAL, BA, DAL"
1134521779261562880,0.11350969314953768,@elonmusk,2019-05-31 17:41:00,"AAPL, BAC, DIS, KO, NIO, PINS, SNAP, TSLA, WKHS"
933291075342540800,0.06140314082160226,@realDonaldTrump,2017-11-22 10:42:00,"FOX, LVS, MGM, WYNN"
941727102893559808,0.061291173154500944,@elonmusk,2017-12-15 17:24:00,"AAPL, BAC, DIS, KO, LMT, SNAP, TSLA"
1224007445325983744,0.0346876215016388,@richardbranson,2020-02-03 16:35:00,"AAL, BA, DAL, SPCE"
1280170216526356480,0.01543310286654744,@nntaleb,2020-07-06 15:36:00,"BAC, JPM"
900699520304066561,0.0009497264717512792,@realDonaldTrump,2017-08-24 12:15:00,"FOX, LVS, MGM, WYNN"
1299432693235474436,-0.007630711407530582,@elonmusk,2020-08-28 19:18:00,"AAPL, BAC, DIS, KO, LMT, NIO, PINS, SNAP, TSLA, WKHS"
1208022961594290176,-0.01095746649609027,@realDonaldTrump,2019-12-20 13:28:00,"FOX, LVS, MGM, WYNN"
900701990312972289,-0.01620310768281838,@realDonaldTrump,2017-08-24 12:25:00,"FOX, LVS, MGM, WYNN"
1302945719372984321,-0.02544198050426007,@realDonaldTrump,2020-09-08 12:28:00,"FOX, LVS, MGM, WYNN"
929651728726798336,-0.040928369763547315,@realDonaldTrump,2017-11-13 10:10:00,"FOX, LVS, MGM, WYNN"
1246087905593917441,-0.04471146106398674,@richardbranson,2020-04-03 14:25:00,"AAL, BA, DAL, SPCE"
1167413739320201216,-0.05227341033650703,@realDonaldTrump,2019-08-30 12:02:00,"FOX, LVS, MGM, WYNN"
1302946468517548032,-0.05228317899380962,@realDonaldTrump,2020-09-08 12:31:00,"FOX, LVS, MGM, WYNN"
1302946632921755649,-0.05228317899380962,@realDonaldTrump,2020-09-08 12:31:00,"FOX, LVS, MGM, WYNN"
1109081099798499328,-0.05472377195864184,@richardbranson,2019-03-22 12:49:00,"AAL, BA, DAL"
1167410616082010120,-0.059788600973995396,@realDonaldTrump,2019-08-30 11:49:00,"FOX, LVS, MGM, WYNN"
1167410570041155585,-0.059788600973995396,@realDonaldTrump,2019-08-30 11:49:00,"FOX, LVS, MGM, WYNN"
1152187923908976640,-0.0645810046570272,@realDonaldTrump,2019-07-19 11:40:00,"FOX, LVS, MGM, WYNN"
1152187921950236672,-0.0645810046570272,@realDonaldTrump,2019-07-19 11:40:00,"FOX, LVS, MGM, WYNN"
1152187922747154434,-0.0645810046570272,@realDonaldTrump,2019-07-19 11:40:00,"FOX, LVS, MGM, WYNN"
1167408293062594560,-0.06626242854803471,@realDonaldTrump,2019-08-30 11:40:00,"FOX, LVS, MGM, WYNN"
1167409533867712513,-0.06626242854806386,@realDonaldTrump,2019-08-30 11:45:00,"FOX, LVS, MGM, WYNN"
1167409671357026309,-0.06626242854809127,@realDonaldTrump,2019-08-30 11:46:00,"FOX, LVS, MGM, WYNN"
1147149964176515072,-0.08036048153637168,@realDonaldTrump,2019-07-05 14:01:00,"FOX, LVS, MGM, WYNN"
1173218440502550528,-0.09224633790443722,@realDonaldTrump,2019-09-16 12:58:00,"FOX, LVS, MGM, WYNN"
1197726327194808320,-0.09238929197664539,@elonmusk,2019-11-22 04:03:00,"AAPL, DIS, NIO, TSLA"
1220552937237352448,-0.10291065815408765,@elonmusk,2020-01-24 04:03:00,"AAPL, DIS, NIO, TSLA"
1168488487433232384,-0.11282664078709558,@realDonaldTrump,2019-09-03 11:42:00,"FOX, LVS, MGM, WYNN"
1134520772704079878,-0.11617171171395817,@elonmusk,2019-05-31 17:37:00,"AAPL, BAC, DIS, KO, NIO, PINS, SNAP, TSLA, WKHS"
1164910399910817797,-0.11695018287182075,@realDonaldTrump,2019-08-23 14:14:00,"FOX, LVS, MGM, WYNN"
1164910401584291848,-0.11695018287182075,@realDonaldTrump,2019-08-23 14:14:00,"FOX, LVS, MGM, WYNN"
997373899103862785,-0.11705692796314236,@elonmusk,2018-05-18 06:51:00,"AAPL, BAC, KO, SNAP, TSLA"
1119915768429387778,-0.12226153410562807,@realDonaldTrump,2019-04-22 10:52:00,"FOX, LVS, MGM, WYNN"
1167420374482599936,-0.123221554136976,@realDonaldTrump,2019-08-30 12:28:00,"FOX, LVS, MGM, WYNN"
1168487909584003072,-0.1319787341187291,@realDonaldTrump,2019-09-03 11:40:00,"FOX, LVS, MGM, WYNN"
1168487907725840384,-0.1319787341187291,@realDonaldTrump,2019-09-03 11:40:00,"FOX, LVS, MGM, WYNN"
1213145424795705344,-0.1413682193124148,@realDonaldTrump,2020-01-03 16:51:00,WYNN
1213145418944667649,-0.1413682193124148,@realDonaldTrump,2020-01-03 16:51:00,WYNN
1213145418093223937,-0.1413682193124148,@realDonaldTrump,2020-01-03 16:51:00,WYNN
1154755462925099008,-0.1443083632506995,@realDonaldTrump,2019-07-26 13:42:00,"FOX, LVS, MGM, WYNN"
1302945283089862657,-0.14921068061962603,@realDonaldTrump,2020-09-08 12:26:00,"FOX, LVS, MGM, WYNN"
898521820764135426,-0.15961558982105822,@elonmusk,2017-08-18 12:01:00,"AAPL, BAC, BAH, DIS, KO, LDOS, LMT, MMS, NOC, SNAP, TSLA, WKHS"
903585873614303234,-0.16374847447436977,@realDonaldTrump,2017-09-01 11:24:00,"FOX, LVS, MGM, WYNN"
1142083892532432901,-0.1640912197696044,@richardbranson,2019-06-21 14:30:00,"AAL, BA, DAL"
1190266170064166913,-0.17115454276957762,@realDonaldTrump,2019-11-01 13:29:00,"FOX, LVS, MGM, WYNN"
1168490495980519424,-0.17118116718869927,@realDonaldTrump,2019-09-03 11:50:00,"FOX, LVS, MGM, WYNN"
1168490496857128960,-0.17118116718869927,@realDonaldTrump,2019-09-03 11:50:00,"FOX, LVS, MGM, WYNN"
1114933691115921408,-0.1762050566767885,@elonmusk,2019-04-08 16:55:00,"AAPL, BAC, DIS, KO, NIO, SNAP, TSLA"
1168487018516680704,-0.18084036998407912,@realDonaldTrump,2019-09-03 11:37:00,"FOX, LVS, MGM, WYNN"
805384490533212160,-0.18619671222256567,@realDonaldTrump,2016-12-05 12:17:00,"FOX, LVS, MGM, WYNN"
1010166772912320513,-0.19262073161833684,@realDonaldTrump,2018-06-22 13:59:00,"FOX, LVS, MGM, WYNN"
1244299907625824257,-0.19276400592265724,@realDonaldTrump,2020-03-30 16:30:00,"LVS, MGM, WYNN"
1201059738173075456,-0.20086029360625499,@elonmusk,2019-12-02 08:49:00,"AAPL, BAC, DIS, KO, LMT, NIO, PINS, SNAP, TSLA, WKHS"
926446415173292033,-0.20504338813768305,@richardbranson,2017-11-03 13:24:00,"AAL, BA, DAL"
1159896720240717824,-0.20583051529066276,@elonmusk,2019-08-09 18:16:00,"AAPL, BAC, DIS, NIO, SNAP, TSLA, WKHS"
1134338745946132481,-0.20822191875411952,@elonmusk,2019-05-31 05:36:00,"AAPL, BAC, KO, NIO, SNAP, TSLA"
1124170427125731328,-0.20978025409207957,@elonmusk,2019-05-03 04:08:00,"AAPL, DIS, TSLA"
1327836839366041602,-0.21001503463372792,@realDonaldTrump,2020-11-16 05:10:00,MGM
1147006728447283200,-0.21345352445849453,@elonmusk,2019-07-05 04:34:00,"AAPL, BAC, NIO, TSLA"
1122382455653138435,-0.2192309843867056,@richardbranson,2019-04-29 06:37:00,BA
1340701746985906177,-0.23117429517989901,@realDonaldTrump,2020-12-21 17:01:00,"FOX, LVS, MGM, WYNN"
1327824600760274945,-0.23455578338039795,@realDonaldTrump,2020-11-16 04:08:00,MGM
1018358966605176832,-0.23816392431745703,@elonmusk,2018-07-16 05:01:00,"AAPL, TSLA"
1018358936020312064,-0.23816392431745703,@elonmusk,2018-07-16 05:01:00,"AAPL, TSLA"
1168491084818894849,-0.24131798628065795,@realDonaldTrump,2019-09-03 11:53:00,"FOX, LVS, MGM, WYNN"
1168486878909259779,-0.24535828531768525,@realDonaldTrump,2019-09-03 11:36:00,"FOX, LVS, MGM, WYNN"
1168486977764757504,-0.24535828531768525,@realDonaldTrump,2019-09-03 11:36:00,"FOX, LVS, MGM, WYNN"
1284728158441418754,-0.24670598669720248,@realDonaldTrump,2020-07-20 06:13:00,MGM
1151562854895632384,-0.2475093682356643,@richardbranson,2019-07-17 18:22:00,BA
1139501302164180997,-0.2538792516482328,@paulkrugman,2019-06-14 11:28:00,"AAPL, AMZN, MSFT, WMT"
1120383575377969153,-0.25527132796730034,@realDonaldTrump,2019-04-22 17:38:00,"LVS, MGM"
1113174434242686977,-0.2613337595964846,@elonmusk,2019-04-02 19:54:00,"AAPL, NIO, TSLA"
1168493190468558848,-0.26417450185874447,@realDonaldTrump,2019-09-03 12:01:00,"FOX, LVS, MGM, WYNN"
1168493189050896384,-0.26417450185874447,@realDonaldTrump,2019-09-03 12:01:00,"FOX, LVS, MGM, WYNN"
1168493185758355456,-0.26417450185874447,@realDonaldTrump,2019-09-03 12:01:00,"FOX, LVS, MGM, WYNN"
1168493188056829952,-0.26417450185874447,@realDonaldTrump,2019-09-03 12:01:00,"FOX, LVS, MGM, WYNN"
1126749363949031426,-0.2651009527497055,@richardbranson,2019-05-10 06:58:00,BA
1283495825998520320,-0.2656916915396536,@elonmusk,2020-07-15 19:51:00,"AAPL, BAC, DIS, KO, NIO, PINS, SNAP, TSLA, WKHS"
1167474506673348609,-0.26889343716556285,@realDonaldTrump,2019-08-30 16:05:00,"FOX, LVS, MGM, WYNN"
1167474568325488641,-0.26889343716560643,@realDonaldTrump,2019-08-30 16:07:00,"FOX, LVS, MGM, WYNN"
1022563031883112450,-0.2705033240902241,@richardbranson,2018-07-26 19:37:00,BA
1302985926809923589,-0.27479866477017495,@realDonaldTrump,2020-09-08 15:07:00,"FOX, LVS, MGM, WYNN"
957493534428311552,-0.27799233482961316,@elonmusk,2018-01-29 06:06:00,"AAPL, BAC"
1244299359182872577,-0.27926966707700085,@realDonaldTrump,2020-03-30 16:28:00,"LVS, MGM, WYNN"
995033179693072384,-0.2850441960687377,@elonmusk,2018-05-11 19:47:00,"AAPL, BAC, DIS, TSLA"
1023552002075385856,-0.28640965685381525,@richardbranson,2018-07-30 12:57:00,"AAL, BA, DAL"
1167435723823341568,-0.3041352133891373,@realDonaldTrump,2019-08-30 13:29:00,"FOX, LVS, MGM, WYNN"
1167435724557361152,-0.3041352133891373,@realDonaldTrump,2019-08-30 13:29:00,"FOX, LVS, MGM, WYNN"
1167435552234311681,-0.3041352133891373,@realDonaldTrump,2019-08-30 13:29:00,"FOX, LVS, MGM, WYNN"
1167439383932391425,-0.30413521338914107,@realDonaldTrump,2019-08-30 13:44:00,"FOX, LVS, MGM, WYNN"
1139620805464088576,-0.30568814106578696,@elonmusk,2019-06-14 19:23:00,"AAPL, BAC, DIS, NIO, TSLA"
1177661577777963008,-0.30609024661262196,@elonmusk,2019-09-27 18:46:00,"AAPL, BAC, DIS, NIO, SNAP, TSLA"
1143253151685992454,-0.3103450268192103,@elonmusk,2019-06-24 19:58:00,"AAPL, BAC, TSLA"
982947260005781505,-0.3114361065118315,@realDonaldTrump,2018-04-09 11:48:00,"FOX, LVS, MGM, WYNN"
1167426094032666624,-0.32808706754071126,@realDonaldTrump,2019-08-30 12:51:00,"FOX, LVS, MGM, WYNN"
1130200352576303106,-0.3303211528570686,@elonmusk,2019-05-20 19:59:00,"AAPL, TSLA"
1305136924345028608,-0.33156119912860577,@realDonaldTrump,2020-09-14 13:35:00,"FOX, LVS, MGM, WYNN"
1302944468325339136,-0.3365299573370869,@realDonaldTrump,2020-09-08 12:23:00,"FOX, LVS, MGM, WYNN"
1254442993446195201,-0.3369626886870701,@realDonaldTrump,2020-04-27 16:15:00,"LVS, MGM, WYNN"
1126752499728150529,-0.3380532692701378,@richardbranson,2019-05-10 07:14:00,BA
901088845613199360,-0.3385220968841064,@paulkrugman,2017-08-25 14:02:00,"AAPL, AMZN, MSFT, WMT"
1185907415499378690,-0.3497687530386198,@realDonaldTrump,2019-10-21 13:19:00,"FOX, LVS, MGM, WYNN"
878947806442119168,-0.351922795861295,@realDonaldTrump,2017-06-26 12:11:00,"FOX, LVS, MGM, WYNN"
1137037543881371648,-0.3575925639110503,@realDonaldTrump,2019-06-07 16:36:00,"MGM, WYNN"
1137037547895267328,-0.3575925639110503,@realDonaldTrump,2019-06-07 16:36:00,"MGM, WYNN"
1107276220151013376,-0.36423435595035436,@realDonaldTrump,2019-03-18 13:47:00,"FOX, LVS, MGM, WYNN"
1168503106101006337,-0.3648603881933395,@realDonaldTrump,2019-09-03 12:41:00,"FOX, LVS, MGM, WYNN"
1131975324667768833,-0.37246268229268653,@realDonaldTrump,2019-05-24 17:04:00,WYNN
1168503075264434179,-0.372617190436481,@realDonaldTrump,2019-09-03 12:40:00,"FOX, LVS, MGM, WYNN"
1196518439797456896,-0.3799885663677727,@richardbranson,2019-11-18 19:44:00,BA
830049973454663681,-0.38412612688151443,@richardbranson,2017-02-10 13:19:00,"AAL, BA, DAL"
939145371049132032,-0.38901674784437174,@richardbranson,2017-12-08 14:25:00,"AAL, BA, DAL"
1168499357131427840,-0.39036632953787137,@realDonaldTrump,2019-09-03 12:26:00,"FOX, LVS, MGM, WYNN"
1168499355248205826,-0.39036632953787137,@realDonaldTrump,2019-09-03 12:26:00,"FOX, LVS, MGM, WYNN"
908677062210330624,-0.39715414280380756,@richardbranson,2017-09-15 12:35:00,"AAL, BA, DAL"
817328258085769218,-0.40247047573615435,@realDonaldTrump,2017-01-06 10:47:00,"FOX, LVS, MGM, WYNN"
1168501851303682049,-0.4138694363340487,@realDonaldTrump,2019-09-03 12:36:00,"FOX, LVS, MGM, WYNN"
1125026404482146305,-0.41529997759683057,@realDonaldTrump,2019-05-06 13:20:00,"FOX, LVS, MGM, WYNN"
1302943769420070914,-0.42030795837082074,@realDonaldTrump,2020-09-08 12:20:00,"FOX, LVS, MGM, WYNN"
1134446680680599552,-0.4341681212637754,@richardbranson,2019-05-31 12:43:00,"AAL, BA, DAL"
1244260812425957378,-0.43649311180039224,@nntaleb,2020-03-30 13:55:00,"BAC, JPM"
1152835756152500224,-0.4407534719295165,@richardbranson,2019-07-22 07:18:00,"BA, DAL"
1196050132917248000,-0.4423347554680742,@realDonaldTrump,2019-11-18 13:03:00,"FOX, LVS, MGM, WYNN"
1302942924607553536,-0.459158910965011,@realDonaldTrump,2020-09-08 12:16:00,"FOX, LVS, MGM, WYNN"
1302942652288118788,-0.4616993416686685,@realDonaldTrump,2020-09-08 12:15:00,"FOX, LVS, MGM, WYNN"
1302942404589297665,-0.48604563774123044,@realDonaldTrump,2020-09-08 12:14:00,"FOX, LVS, MGM, WYNN"
1168517462310182913,-0.5025788352718653,@realDonaldTrump,2019-09-03 13:38:00,"FOX, LVS, MGM, WYNN"
1250860643437117456,-0.504666971530638,@nntaleb,2020-04-16 18:30:00,"BAC, JPM"
1287408718301274112,-0.5098349928238015,@nntaleb,2020-07-27 15:29:00,"BAC, JPM"
1157184523756548097,-0.5299335675207895,@richardbranson,2019-08-02 06:39:00,BA
1168496276918480896,-0.5306284583098071,@realDonaldTrump,2019-09-03 12:13:00,"FOX, LVS, MGM, WYNN"
1297518022115102725,-0.55289456069603,@nntaleb,2020-08-24 13:00:00,"BAC, JPM"
1336405337285517314,-0.5553127851178413,@realDonaldTrump,2020-12-08 19:59:00,MGM
1003326698228764672,-0.5681290981695122,@realDonaldTrump,2018-06-04 17:45:00,WYNN
1316223657908240390,-0.5715433606919577,@realDonaldTrump,2020-10-15 04:00:00,WYNN
1315286705696579584,-0.580621275038183,@realDonaldTrump,2020-10-12 13:46:00,"FOX, LVS, MGM, WYNN"
1307676625019056130,-0.6299521116019112,@realDonaldTrump,2020-09-21 13:46:00,"FOX, LVS, MGM, WYNN"
1321101303850930176,-0.6329719999141835,@nntaleb,2020-10-27 14:21:00,"BAC, JPM"
1249369344540377089,-0.6623582567306671,@realDonaldTrump,2020-04-13 16:14:00,"LVS, MGM, WYNN"
860194223894790145,-0.6671169468813597,@SenWarren,2017-05-04 17:49:00,"BAC, JPM"
1277204969561755649,-0.6739213537676271,@realDonaldTrump,2020-06-29 11:43:00,"FOX, LVS, MGM, WYNN"
1136165246513471488,-0.6874625221995584,@realDonaldTrump,2019-06-06 07:20:00,WYNN
1326977937657229312,-0.698939406499027,@richardbranson,2020-11-12 19:33:00,"AAL, BA, DAL, SPCE"
1178747334106255367,-0.7680436591550601,@SenWarren,2019-10-01 19:23:00,BAC
1178747339848273920,-0.7680436591550601,@SenWarren,2019-10-01 19:23:00,BAC
1178747341320400896,-0.7680436591550601,@SenWarren,2019-10-01 19:23:00,BAC
1265376557985681410,-0.7699734629748155,@SenWarren,2020-05-26 19:51:00,"BAC, C, GS, JPM, WFC"
1331970897666781186,-0.7731713826721447,@richardbranson,2020-11-27 14:43:00,"AAL, BA, DAL, SPCE"
1139234395993399296,-0.7911202498323832,@realDonaldTrump,2019-06-14 18:40:00,FOX
1167493371973255170,-0.8022172005923942,@realDonaldTrump,2019-08-30 17:45:00,WYNN
1334755449816674305,-0.9229627703984363,@nntaleb,2020-12-04 06:55:00,"BAC, JPM"
1166789207215484928,-0.9271038704507338,@realDonaldTrump,2019-08-29 19:35:00,FOX
1280234064356794368,-0.9574446835703516,@realDonaldTrump,2020-07-06 19:50:00,"MGM, WYNN"
1330720236253941761,-0.960500464202085,@nntaleb,2020-11-23 04:03:00,"BAC, JPM"
1330723159021129729,-0.960870740352378,@nntaleb,2020-11-23 04:03:00,"BAC, JPM"
1291060976595476481,-1.010259115601144,@nntaleb,2020-08-05 16:52:00,"BAC, JPM"
1291101901279432709,-1.0339899417968852,@nntaleb,2020-08-05 19:34:00,"BAC, JPM"
1337437745808072704,-1.0398245214221786,@nntaleb,2020-12-11 16:18:00,"BAC, JPM"
1329516404178116617,-1.0442728646578727,@nntaleb,2020-11-19 19:41:00,"BAC, JPM"
1338017586261483520,-1.048037175971198,@nntaleb,2020-12-14 07:11:00,"BAC, JPM"
1267870486161219585,-1.0563250338029189,@nntaleb,2020-06-02 17:01:00,"BAC, JPM"
1299042015297114113,-1.072105317091069,@nntaleb,2020-08-27 17:26:00,"BAC, JPM"
1288895592719097859,-1.1037398059910635,@nntaleb,2020-07-30 17:27:00,"BAC, JPM"
1287466124796403712,-1.1447013057578341,@nntaleb,2020-07-27 19:19:00,"BAC, JPM"
1286709959296716802,-1.2013251542706607,@nntaleb,2020-07-24 16:42:00,"BAC, JPM"
1318285166373228545,-1.2609978667422104,@nntaleb,2020-10-19 19:51:00,"BAC, JPM"
1271460407937503232,-1.2645810678556944,@nntaleb,2020-06-12 14:46:00,"BAC, JPM"
1307570650110988288,-1.2719898762815143,@nntaleb,2020-09-21 06:45:00,"BAC, JPM"
1262439935568723969,-1.3083079050148407,@nntaleb,2020-05-18 17:22:00,"BAC, JPM"
1240714292464422914,-1.317454081891208,@nntaleb,2020-03-19 18:32:00,"BAC, JPM"
1276231391773147140,-1.3210608130461226,@nntaleb,2020-06-25 18:44:00,"BAC, JPM"
1321874042656350208,-1.3310533647357319,@nntaleb,2020-10-29 17:32:00,"BAC, JPM"
1243597806922801152,-1.3350703255933505,@nntaleb,2020-03-27 17:30:00,"BAC, JPM"
1277289908726628353,-1.3351195097376674,@nntaleb,2020-06-29 17:20:00,"BAC, JPM"
1243624109768085506,-1.3351920933617887,@nntaleb,2020-03-27 19:15:00,"BAC, JPM"
1273346018155933701,-1.3354012590204116,@nntaleb,2020-06-17 19:39:00,"BAC, JPM"
